TestGroup,SlopeHeight,SlopeAngle,Weight,TranslationalVelocity,RotationalVelocity,TranslationalKineticEnergy,RotationalKineticEnergy,SlopeMaterial
02-MOD-299-PM54.25,70.7,45,14.0363685,15.1,,0.024848077,,Weathered Rock
02-MOD-299-PM54.25,67.2,45,27.499824,14.1,,0.042447516,,Weathered Rock
02-MOD-299-PM54.25,70.7,45,41.249736,16.7,,0.089317848,,Weathered Rock
02-MOD-299-PM54.25,70.7,45,113.627745,16.3,,0.234392512,,Weathered Rock
02-MOD-299-PM54.25,70.7,45,86.891805,21.5,,0.311845783,,Weathered Rock
02-MOD-299-PM54.25,72.1,45,189.443232,22.9,,0.771319296,,Weathered Rock
02-MOD-299-PM54.25,67.2,45,9.54855,25.8,,0.049347025,,Weathered Rock
02-MOD-299-PM54.25,67.2,45,12.8905425,25.5,,0.065078224,,Weathered Rock
02-MOD-299-PM54.25,67.2,45,36.666432,18.9,,0.101689567,,Weathered Rock
02-MOD-299-PM54.25,67.2,45,36.093519,22.9,,0.146954987,,Weathered Rock
02-MOD-299-PM54.25,67.2,45,30.55536,30.5,,0.22068419,,Weathered Rock
02-MOD-299-PM54.25,63.3,45,66.83985,28,,0.406851261,,Weathered Rock
02-MOD-299-PM54.25,63.3,45,329.997888,17.6,,0.793634672,,Weathered Rock
02-MOD-299-PM54.25,63.3,45,9.166608,21.2,,0.031986338,,Weathered Rock
02-MOD-299-PM54.25,63.3,45,88.228602,28.9,,0.572122754,,Weathered Rock
02-MOD-299-PM54.25,63.3,45,73.523835,19.1,,0.208247129,,Weathered Rock
02-MOD-299-PM54.25,63.3,45,34.37478,15.2,,0.061661096,,Weathered Rock
02-MOD-299-PM54.25,63.3,45,45.83304,22,,0.172229747,,Weathered Rock
02-MOD-299-PM54.25,63.3,45,91.66608,22.1,,0.34759806,,Weathered Rock
02-MOD-299-PM54.25,70.7,45,68.74956,18.7,,0.186653988,,Weathered Rock
02-MOD-299-PM54.25,70.7,45,36.666432,19.6,,0.109361619,,Weathered Rock
02-MOD-299-PM55.5,22.9,35,19.479042,15.9,,0.038233669,,Colluvium
02-MOD-299-PM55.5,22.9,35,25.781085,20.4,,0.083300127,,Colluvium
02-MOD-299-PM55.5,22.9,35,51.753141,18.9,,0.143530586,,Colluvium
02-MOD-299-PM55.5,35.6,35,73.714806,22.9,,0.30013029,,Colluvium
02-MOD-299-PM55.5,35.6,35,18.142245,13.2,,0.024542739,,Colluvium
02-MOD-299-PM55.5,35.6,35,27.4043385,22.6,,0.10867267,,Colluvium
02-MOD-299-PM55.5,35.6,35,71.423154,20.3,,0.228515276,,Colluvium
02-MOD-299-PM55.5,34.4,35,24.3488025,19.4,,0.071148411,,Colluvium
02-MOD-299-PM55.5,35.6,35,23.298462,25.5,,0.117622864,,Colluvium
02-MOD-299-PM55.5,47,35,38.958084,26.8,,0.217245763,,Colluvium
02-MOD-299-PM55.5,47,35,12.8905425,28.8,,0.083011891,,Colluvium
02-MOD-299-PM55.5,47,35,46.596924,31.3,,0.354429662,,Colluvium
02-MOD-299-PM55.5,47,35,29.5050195,19.4,,0.086215133,,Colluvium
02-MOD-299-PM55.5,47,35,40.10391,19.4,,0.117185618,,Colluvium
02-MOD-299-PM55.5,57.4,35,106.94376,30.3,,0.76229811,,Colluvium
02-MOD-299-PM55.5,57.4,35,85.0775805,27,,0.481533821,,Colluvium
02-MOD-299-PM55.5,57.4,35,14.322825,25.6,,0.07287738,,Colluvium
02-MOD-299-PM55.5,57.4,35,260.675415,21.7,,0.95302365,,Colluvium
02-MOD-299-PM55.5,57.4,35,34.37478,22.6,,0.136314151,,Colluvium
02-MOD-299-PM55.5,57.4,35,60.155865,29.7,,0.411978936,,Colluvium
02-MOD-299-PM55.5,68.8,35,17.18739,40,,0.21350795,,Colluvium
02-MOD-299-PM55.5,71.1,35,143.22825,33,,1.210990406,,Colluvium
02-MOD-299-PM55.5,71.7,35,38.1942,27.5,,0.224257483,,Colluvium
02-MOD-299-PM55.5,71.7,35,86.891805,39.5,,1.052584928,,Colluvium
02-MOD-299-PM55.5,71.7,35,161.752437,37.5,,1.766027675,,Colluvium
02-MOD-299-PM55.5,71.7,35,100.5462315,30.6,,0.730958613,,Colluvium
02-MOD-299-PM55.5,71.7,35,206.24868,24.4,,0.9533557,,Colluvium
02-MOD-299-PM55.5,71.7,35,100.5462315,23.4,,0.427446386,,Colluvium
02-MOD-299-PM55.5,71.7,35,176.457204,34.9,,1.668685086,,Colluvium
02-PLU-70-PM61.3,29.3,78,9.930492,18.8,,0.027250257,,Weathered Rock
02-PLU-70-PM61.3,29.3,78,9.930492,15,,0.017347521,,Weathered Rock
02-PLU-70-PM61.3,29.3,78,18.142245,17.1,,0.041187685,,Weathered Rock
02-PLU-70-PM61.3,27.4,78,58.819068,21.4,,0.209136494,,Weathered Rock
02-PLU-70-PM61.3,43.8,78,36.28449,28.8,,0.233663101,,Weathered Rock
02-PLU-70-PM61.3,43.8,78,33.037983,30,,0.230855471,,Weathered Rock
02-PLU-70-PM61.3,43.8,78,64.93014,33,,0.548982317,,Weathered Rock
02-PLU-70-PM61.3,43.8,78,145.13796,22.1,,0.550363595,,Weathered Rock
02-PLU-70-PM61.3,43.8,78,25.208172,29.1,,0.165733945,,Weathered Rock
02-PLU-70-PM61.3,42.9,78,653.4072765,42.3,,9.077135914,,Weathered Rock
02-PLU-70-PM61.3,15.3,52,61.874604,9.9,,0.047083307,,Weathered Rock
02-PLU-70-PM62.0-A,15.3,52,41.3452215,12.2,,0.047778127,,Weathered Rock
02-PLU-70-PM62.0-A,15.3,52,22.91652,11.2,,0.022318698,,Weathered Rock
02-PLU-70-PM62.0-A,23.3,52,29.791476,12.9,,0.03849068,,Weathered Rock
02-PLU-70-PM62.0-A,23.3,52,20.624868,16.2,,0.04202477,,Weathered Rock
02-PLU-70-PM62.0-A,23.3,52,122.8898385,15,,0.214675572,,Weathered Rock
02-PLU-70-PM62.0-A,31.5,52,48.9840615,21.4,,0.174167242,,Weathered Rock
02-PLU-70-PM62.0-A,31.5,52,37.430316,20.4,,0.120939443,,Weathered Rock
02-PLU-70-PM62.0-A,31.5,52,20.1474405,21.1,,0.06964163,,Weathered Rock
02-PLU-70-PM62.0-A,31.5,52,39.0535695,22.2,,0.149434481,,Weathered Rock
02-PLU-70-PM62.0-A,31.5,52,40.10391,20.5,,0.130851461,,Weathered Rock
02-PLU-70-PM62.0-A,39.9,52,27.308853,31.6,,0.21171994,,Weathered Rock
02-PLU-70-PM62.0-A,39.9,52,159.651756,28.3,,0.992728997,,Weathered Rock
02-PLU-70-PM62.0-A,39.9,52,41.249736,26.5,,0.224903937,,Weathered Rock
02-PLU-70-PM62.0-A,39.9,52,81.6401025,23.4,,0.347071852,,Weathered Rock
02-PLU-70-PM62.0-A,39.9,52,33.037983,22.4,,0.12870449,,Weathered Rock
02-PLU-70-PM62.0-A,44.1,52,252.08172,20.8,,0.846744063,,Weathered Rock
02-PLU-70-PM62.0-A,44.1,52,148.95738,30.3,,1.061772368,,Weathered Rock
02-PLU-70-PM62.0-A,44.1,52,50.1298875,31.6,,0.388646743,,Weathered Rock
02-PLU-70-PM62.0-A,44.1,52,32.083128,29.4,,0.215305687,,Weathered Rock
02-PLU-70-PM62.0-A,44.1,52,38.958084,30.6,,0.283220431,,Weathered Rock
02-PLU-70-PM62.0-A,44.1,52,232.1252505,26.3,,1.24657387,,Weathered Rock
02-PLU-70-PM62.0-A,44.1,52,32.5605555,26.8,,0.181570601,,Weathered Rock
02-PLU-70-PM62.0-A,44.1,52,17.2828755,24,,0.077289878,,Weathered Rock
02-PLU-70-PM62.0-A,44.1,52,29.791476,23.3, ,0.125570609,,Weathered Rock
02-PLU-70-PM62.0-B,95,50,38.6716275,21.5,,0.138788508,,Weathered Rock
02-PLU-70-PM62.0-B,95,50,63.02043,27.5,,0.370024846,,Weathered Rock
02-PLU-70-PM62.0-B,95,50,168.436422,26.1,,0.890842974,,Weathered Rock
02-PLU-70-PM62.0-B,95,50,30.55536,26.8,,0.170388834,,Weathered Rock
02-PLU-70-PM62.0-B,95,50,48.124692,24.6,,0.226111325,,Weathered Rock
02-PLU-70-PM62.0-B,95,50,111.718035,23.3,,0.470889783,,Weathered Rock
02-PLU-70-PM62.0-B,95,50,11.45826,35.3,,0.110854217,,Weathered Rock
02-PLU-70-PM62.0-B,95,50,22.343607,24.2,,0.101594022,,Weathered Rock
02-PLU-70-PM62.0-B,95,50,34.37478,29.7,,0.235416535,,Weathered Rock
02-PLU-70-PM62.0-B,95,50,51.180228,33.7,,0.451280071,,Weathered Rock
02-PLU-70-PM62.0-B,95,50,42.01362,42.3,,0.58365334,,Weathered Rock
02-PLU-70-PM62.0-B,95,50,68.176647,28,,0.414988286,,Weathered Rock
02-PLU-70-PM62.0-B,95,50,40.10391,30.6,,0.291550444,,Weathered Rock
02-PLU-70-PM62.0-B,95,50,100.832688,38,,1.130453428,,Weathered Rock
02-PLU-70-PM62.0-B,95,50,73.332864,37,,0.779446357,,Weathered Rock
02-PLU-70-PM62.0-B,95,50,93.57579,36.6,,0.973217277,,Weathered Rock
02-PLU-70-PM62.0-B,95,50,76.3884,34.9,,0.722374496,,Weathered Rock
02-PLU-70-PM62.0-B,95,50,160.41564,30.9,,1.189180569,,Weathered Rock
02-PLU-70-PM62.0-B,95,50,214.842375,30.9,,1.592652547,,Weathered Rock
02-PLU-70-PM62.0-B,95,50,97.968123,27.3,,0.566884025,,Weathered Rock
02-SIS-5-PM21.5,74.6,50,87.655689,21.3,,0.30876172,,Weathered Rock
02-SIS-5-PM21.5,74.6,50,56.8138725,55.6,,1.363603516,,Weathered Rock
02-SIS-5-PM21.5,74.6,50,70.1818425,36.1,,0.710106203,,Weathered Rock
02-SIS-5-PM21.5,76.8,50,173.78361,35.3,,1.681288964,,Weathered Rock
02-SIS-5-PM21.5,76.8,50,82.499472,20.8,,0.277116239,,Weathered Rock
02-SIS-5-PM21.5,76.8,50,17.18739,38,,0.192690925,,Weathered Rock
02-SIS-5-PM21.5,76.8,50,43.0639605,30.9,,0.319238355,,Weathered Rock
02-SIS-5-PM21.5,76.8,50,17.18739,40,,0.21350795,,Weathered Rock
02-SIS-5-PM21.5,79.1,50,51.56217,27.5,,0.302747601,,Weathered Rock
02-SIS-5-PM21.5,79.1,50,155.9278215,44.1,,2.354425361,,Weathered Rock
02-SIS-5-PM21.5,79.1,50,111.718035,23.1,,0.462840533,,Weathered Rock
02-SIS-5-PM21.5,79.1,50,48.315663,49.2,,0.908034367,,Weathered Rock
02-SIS-5-PM21.5,79.1,50,62.065575,36.6,,0.645501255,,Weathered Rock
02-SIS-5-PM21.5,79.1,50,114.5826,22.7,,0.458410465,,Weathered Rock
02-SIS-5-PM21.5,79.1,50,57.864213,27.8,,0.347203248,,Weathered Rock
02-SIS-5-PM21.5,79.1,50,22.0571505,25.6,,0.112231166,,Weathered Rock
02-SIS-5-PM21.5,79.1,50,30.364389,27.3,,0.175700897,,Weathered Rock
02-SIS-5-PM21.5,58.3,50,99.30492,35.7,,0.982632977,,Weathered Rock
02-SIS-5-PM22,31.5,52,42.777504,26.3,,0.229726489,,Weathered Rock
02-SIS-5-PM22,31.5,52,104.270166,25,,0.505969361,,Weathered Rock
02-SIS-5-PM22,31.5,52,167.5770525,18.5,,0.445289179,,Weathered Rock
02-SIS-5-PM22,36,52,40.3903665,31.9,,0.319112118,,Weathered Rock
02-SIS-5-PM22,36,52,81.6401025,20.3,,0.261203958,,Weathered Rock
02-SIS-5-PM22,36,52,18.333216,21.2,,0.063972675,,Weathered Rock
02-SIS-5-PM22,46.3,52,25.781085,22.2,,0.09864868,,Weathered Rock
02-SIS-5-PM22,46.3,52,128.905425,25.6,,0.655896423,,Weathered Rock
02-SIS-5-PM22,46.3,52,242.6286555,20,,0.753505141,,Weathered Rock
02-SIS-5-PM22,46.3,52,61.874604,33.3,,0.53270287,,Weathered Rock
02-SIS-5-PM22,46.3,52,40.10391,29.4,,0.269132109,,Weathered Rock
03-NEV-20-PM40.2,55,43,25.399143,13.6,,0.0364738,,Colluvium
03-NEV-20-PM40.2,55,43,11.45826,29.4,,0.076894888,,Colluvium
03-NEV-20-PM40.2,55,43,29.409534,21.4,,0.104568247,,Colluvium
03-NEV-20-PM40.2,55,43,51.0847425,40,,0.634593075,,Colluvium
03-NEV-20-PM40.2,55,43,123.749208,39.5,,1.499066008,,Colluvium
03-NEV-20-PM40.2,55,43,16.041564,33,,0.135630925,,Colluvium
03-NEV-20-PM40.2,48,43,27.0223965,27.3,,0.156362748,,Colluvium
03-NEV-20-PM40.2,48,43,38.6716275,29.4,,0.259520248,,Colluvium
03-NEV-20-PM40.2,48,43,26.73594,24,,0.119564452,,Colluvium
03-NEV-20-PM40.2,51,43,266.6910015,28.6,,1.693653506,,Colluvium
03-NEV-20-PM40.2,48,43,41.249736,21.4,,0.146667151,,Colluvium
03-NEV-20-PM40.2,41,43,16.041564,21.4,,0.057037226,,Colluvium
03-NEV-20-PM40.2,41,43,105.225021,30,,0.735268004,,Colluvium
03-NEV-20-PM40.2,41,43,39.340026,25.4,,0.197054435,,Colluvium
03-NEV-20-PM40.2,34,43,451.1689875,23.1,,1.869163691,,Colluvium
03-NEV-20-PM40.2,34,43,50.416344,23.4,,0.214332091,,Colluvium
03-NEV-20-PM40.2,34,43,31.701186,23.6,,0.137083017,,Colluvium
03-NEV-20-PM40.2,36,43,1036.017675,16.3,,2.137108199,,Colluvium
03-NEV-20-PM40.2,27,43,75.624516,16.6,,0.16179419,,Colluvium
03-NEV-20-PM40.2,27,43,16.805448,20.1,,0.052714045,,Colluvium
03-NEV-20-PM40.2,27,43,89.374428,20.8,,0.300209259,,Colluvium
03-NEV-20-PM40.2,27,43,80.6852475,18.3,,0.209787908,,Colluvium
03-NEV-20-PM40.2,27,43,9.4530645,21.9,,0.035200188,,Colluvium
03-NEV-20-PM40.2,27,43,37.239345,22.1,,0.141211712,,Colluvium
03-NEV-20-PM40.2,27,43,18.8106435,14.3,,0.029864817,,Colluvium
03-NEV-20-PM40.2,22,43,39.912939,13,,0.052370238,,Colluvium
03-NEV-20-PM40.2,22,43,21.4842375,9.9,,0.01634837,,Colluvium
03-NEV-20-PM40.2,22,43,505.309266,12.6,,0.622848595,,Colluvium
03-NEV-20-PM40.2,55,43,160.41564,33.3,,1.381081514,,Colluvium
03-NEV-20-PM40.2,55,43,126.995715,39.5,,1.538393357,,Colluvium
03-SIE-49-31.17,72.8,50,34.37478,22.4,,0.133912186,,Weathered Rock
03-SIE-49-31.17,59.8,50,12.8905425,23.3,,0.054333436,,Weathered Rock
03-SIE-49-31.17,59.8,50,14.0363685,24,,0.062771337,,Weathered Rock
03-SIE-49-31.17,59.8,50,21.388752,31.9,,0.168986086,,Weathered Rock
03-SIE-49-31.17,53.6,50,13.749912,24.8,,0.065657965,,Weathered Rock
03-SIE-49-31.17,53.6,50,33.610896,30,,0.234858745,,Weathered Rock
03-SIE-49-31.17,53.6,50,50.1298875,30,,0.350286481,,Weathered Rock
03-SIE-49-31.17,80.4,50,10.503405,28.6,,0.066703146,,Weathered Rock
03-SIE-49-31.17,80.4,50,18.0467595,41.1,,0.236682971,,Weathered Rock
03-SIE-49-31.17,80.4,50,93.57579,25.4,,0.468721713,,Weathered Rock
03-SIE-49-PM31.20,90.6,48,41.249736,41.1,,0.540989647,,Colluvium
03-SIE-49-PM31.20,90.6,48,36.7619175,51.7,,0.76289256,,Colluvium
03-SIE-49-PM31.20,75.5,48,52.135083,28.8,,0.335736982,,Colluvium
03-SIE-49-PM31.20,75.5,48,12.222144,18.3,,0.031778523,,Colluvium
03-SIE-49-PM31.20,64.2,48,95.5809855,34.5,,0.883270714,,Colluvium
03-SIE-49-PM31.20,64.2,48,33.1334685,38.5,,0.381304998,,Colluvium
03-SIE-49-PM31.20,51.3,48,72.187038,37.8,,0.800805337,,Colluvium
03-SIE-49-PM31.20,61.3,48,34.8522075,38,,0.390734376,,Colluvium
03-SIE-49-PM31.23,65.5,55,85.0775805,34.1,,0.768082775,,Weathered Rock
03-SIE-49-PM31.23,65.5,55,21.4842375,26.3,,0.115376027,,Weathered Rock
03-SIE-49-PM31.23,65.5,55,467.497008,41.7,,6.311536275,,Weathered Rock
03-SIE-49-PM31.23,65.5,55,16.041564,41.7,,0.216572323,,Weathered Rock
03-SIE-49-PM31.23,65.5,55,8.593695,33,,0.072659424,,Weathered Rock
03-SIE-49-PM31.23,49.1,55,37.812258,33,,0.319701467,,Weathered Rock
03-SIE-49-PM31.23,49.1,55,9.166608,43.5,,0.13467014,,Weathered Rock
03-SIE-49-PM31.23,81.9,55,360.93519,47.6,,6.349320777,,Weathered Rock
03-SIE-49-PM31.23,81.9,55,109.999296,46.2,,1.822879638,,Weathered Rock
03-SIE-49-PM31.23,81.95,55,33.5154105,46.2,,0.55540864,,Weathered Rock
03-ALP-88-PM14.0,88.4,45,30.0779325,23,,0.123534366,,Weathered Rock
03-ALP-88-PM14.0,88.4,45,264.685806,25.4,,1.325812846,,Weathered Rock
03-ALP-88-PM14.0,81.3,45,66.83985,39,,0.789312204,,Weathered Rock
03-ALP-88-PM14.0,81.3,45,106.94376,22.4,,0.416615691,,Weathered Rock
03-ALP-88-PM14.0,77.8,45,92.811906,27.3,,0.537048023,,Weathered Rock
03-ALP-88-PM14.0,84.8,45,288.748152,24.2,,1.312907358,,Weathered Rock
03-ALP-88-PM14.0,70.7,45,137.49912,27.3,,0.795626701,,Weathered Rock
03-ALP-88-PM14.0,70.7,45,228.592287,27.3,,1.322729391,,Weathered Rock
03-ALP-88-PM14.0,70.7,45,86.4143775,17.3,,0.200799371,,Weathered Rock
03-ALP-88-PM14.0,56.6,45,824.99472,27.8,,4.95022453,,Weathered Rock
03-ALP-88-PM14.0,56.6,45,206.24868,24,,0.922354345,,Weathered Rock
03-ALP-88-PM14.0,70.7,45,1512.49032,22.4,,5.892136203,,Weathered Rock
03-ALP-88-PM14.0,58,45,1031.2434,12,,1.152942932,,Weathered Rock
03-ALP-88-PM14.0,62.2,45,907.494192,24.2,,4.126280269,,Weathered Rock
TEST 1 CT 1989,132,34,319,40,,3.962732919,0.6,Colluvium
TEST 1 CT 1989,132,34,511,33.3,,4.399400543,1.1,Colluvium
TEST 1 CT 1989,132,34,589,44.4,,9.014992547,0.8,Colluvium
TEST 1 CT 1989,132,34,880,50,,17.08074534,2.2,Colluvium
TEST 1 CT 1989,132,34,921,26.7,,5.097606289,1.2,Colluvium
TEST 1 CT 1989,132,34,1172,66.7,,40.48213571,5.8,Colluvium
TEST 1 CT 1989,132,34,2021,44.4,,30.93259752,6.9,Colluvium
TEST 1 CT 1989,132,34,1749,20,,5.431677019,0.7,Colluvium
TEST 1 CT 1989,132,34,1504,23.5,,6.44863354,0.8,Colluvium
TEST 1 CT 1989,132,34,1700,50,,32.99689441,2.4,Colluvium
TEST 1 CT 1989,132,34,1860,28.5,,11.7296972,2,Colluvium
TEST 1 CT 1989,132,34,2354,30.8,,17.33772174,5.7,Colluvium
TEST 1 CT 1989,132,34,7091,50,,137.6358696,26.8,Colluvium
TEST 2 CT 1989,132,34,301,28.6,,1.911536957,,Colluvium
TEST 2 CT 1989,132,34,140,33.3,,1.205315217,0.2,Colluvium
TEST 2 CT 1989,132,34,209,33.3,,1.799363432,0.4,Colluvium
TEST 2 CT 1989,132,34,535,40,,6.645962733,4.9,Colluvium
TEST 2 CT 1989,132,34,883,50,,17.13897516,4.2,Colluvium
TEST 2 CT 1989,132,34,342,36.4,,3.51813913,0.4,Colluvium
TEST 2 CT 1989,132,34,376,36.4,,3.867895652,0.7,Colluvium
TEST 2 CT 1989,132,34,1254,17.4,,2.947678882,0.5,Colluvium
TEST 2 CT 1989,132,34,950,30.8,,6.996956522,1.2,Colluvium
TEST 2 CT 1989,132,34,606,23.5,,2.598319099,0.3,Colluvium
TEST 2 CT 1989,132,34,1820,26.7,,10.07344565,4.8,Colluvium
TEST 2 CT 1989,132,34,1590,42.1,,21.87990606,2.8,Colluvium
TEST 2 CT 1989,132,34,1590,40,,19.7515528,1.9,Colluvium
TEST 2 CT 1989,132,34,3788,33.3,,32.61238602,9.8,Colluvium
TEST 2 CT 1989,132,34,2299,36.4,,23.64971304,3,Colluvium
TEST 2 CT 1989,132,34,1700,33.3,,14.6359705,3.2,Colluvium
TEST 2 CT 1989,132,34,505,40,,6.273291925,1,Colluvium
TEST 2 CT 1989,132,34,619,14.8,,1.052684472,0.2,Colluvium
TEST 2 CT 1989,132,34,292,17.4,,0.686381366,0.1,Colluvium
TEST 2 CT 1989,132,34,607,28.6,,3.854827019,0.6,Colluvium
TEST 2 CT 1989,132,34,717,13.8,,1.060135714,0.1,Colluvium
TEST 2 CT 1989,132,34,917,44.4,,14.03522609,2.7,Colluvium
TEST 2 CT 1989,132,34,773,51.9,,16.16584262,1.2,Colluvium
TEST 2 CT 1989,132,34,773,41.2,,10.18727578,0.7,Colluvium
TEST 2 CT 1989,132,34,2630,57.1,,66.57514208,3,Colluvium
TEST 2 CT 1989,132,34,1052,30.7,,7.697977329,0.7,Colluvium
TEST 2 CT 1989,132,34,3148,48.2,,56.78229441,13.5,Colluvium
TEST 2 CT 1989,132,34,5500,51.2,,111.9403727,13.4,Colluvium
TEST 2 CT 1989,132,34,12700,51.2,,258.4804969,36,Colluvium
TEST 2 CT 1989,132,34,10972,46.5,,184.1941537,48.6,Colluvium
TEST 3 CT 1989,132,34,1590,41.7,,21.46611102,6.2,Colluvium
TEST 3 CT 1989,132,34,1860,30.3,,13.25813199,3.8,Colluvium
TEST 3 CT 1989,132,34,1746,28,,10.62782609,5.8,Colluvium
TEST 3 CT 1989,132,34,1793,21.7,,6.555169022,1.6,Colluvium
TEST 3 CT 1989,132,34,1571,32.2,,12.64655,4.3,Colluvium
TEST 3 CT 1989,132,34,916,27.7,,5.456813975,0.2,Colluvium
TEST 3 CT 1989,132,34,916,40,,11.37888199,0.1,Colluvium
TEST 3 CT 1989,132,34,2630,33.3,,22.6427073,12.2,Colluvium
TEST 3 CT 1989,132,34,5500,33.3,,47.35166925,19.8,Colluvium
TEST 3 CT 1989,132,34,11182,32.3,,90.57506817,25.9,Colluvium
TEST 3 CT 1989,132,34,2630,47.6,,46.26513043,10,Colluvium
TEST 3 CT 1989,132,34,13845,35.7,,136.9977799,47.2,Colluvium
TEST 3 CT 1989,132,34,7487,33.3,,64.45853595,22,Colluvium
TEST 3 CT 1989,132,34,1989,33.3,,17.12408548,6.7,Colluvium
TEST 3 CT 1989,132,34,2257,23.3,,9.513219953,3.2,Colluvium
TEST 3 CT 1989,132,34,1692,19.6,,5.046573913,2.2,Colluvium
TEST 3 CT 1989,132,34,762,13.9,,1.143059161,0.5,Colluvium
TEST 3 CT 1989,132,34,167,17.9,,0.415438432,0.3,Colluvium
TEST 200kJ CH 1991,266,45,2513,98,,187.3823913,,Rock
TEST 200kJ CH 1991,220,45,1389,98,,103.571087,,Rock
TEST 200kJ CH 1991,205,45,705,98,,52.56847826,,Rock
TEST 200kJ CH 1991,205,45,1389,98,,103.571087,,Rock
TEST 200kJ CH 1991,205,45,1587,82,,82.84928571,,Rock
TEST 200kJ CH 1991,205,45,705,82,,36.80450311,,Rock
TEST 200kJ CH 1991,205,45,1058,82,,55.23285714,,Rock
TEST 200kJ CH 1991,205,45,1587,82,,82.84928571,,Rock
TEST 200kJ CH 1991,205,45,837,98,,62.41108696,,Rock
TEST 200kJ CH 1991,205,45,639,82,,33.35897516,,Rock
TEST 200kJ CH 1991,205,45,661,82,,34.50748447,,Rock
TEST 200kJ CH 1991,205,45,661,82,,34.50748447,,Rock
TEST 200kJ CH 1991,205,45,661,82,,34.50748447,,Rock
TEST 200kJ CH 1991,205,45,1653,82,,86.29481366,,Rock
TEST 200kJ CH 1991,205,45,4629,82,,241.6568012,,Rock
TEST 500kJ CH 1991,205,45,1433,82,,74.8097205,,Rock
TEST 500kJ CH 1991,205,45,1433,70,,54.51630435,,Rock
TEST 500kJ CH 1991,205,45,1836,82,,95.84832298,,Rock
TEST 500kJ CH 1991,205,45,2998,98,,223.5465217,,Rock
TEST 500kJ CH 1991,205,45,2998,88,,180.2524224,,Rock
TEST 500kJ CH 1991,205,45,2956,98,,220.4147826,,Rock
TEST 500kJ CH 1991,205,45,299,88,,17.97714286,,Rock
TEST 500kJ CH 1991,205,45,2502,98,,186.5621739,,Rock
TEST 500kJ CH 1991,205,45,1631,75,,71.22961957,,Rock
TEST 500kJ CH 1991,205,45,6085,82,,317.667236,,Rock
TEST 500kJ CH 1991,205,45,1758,108,,159.2027329,,Rock
TEST 500kJ CH 1991,205,45,2502,82,,130.6168323,,Rock
TEST 500kJ CH 1991,205,45,2749,98,,204.9797826,,Rock
TEST 500kJ CH 1991,205,45,2749,82,,143.5114596,,Rock
TEST 500kJ CH 1991,205,45,1653,82,,86.29481366,,Rock
TEST 500kJ CH 1991,205,45,1400,82,,73.08695652,,Rock
TEST 500kJ CH 1991,205,45,1388,62,,41.42447205,,Rock
TEST 500kJ CH 1991,205,45,838,82,,43.74776398,,Rock
TEST 1000kJ CH 1991,205,45,1631,88,,98.0626087,,Rock
TEST 1000kJ CH 1991,205,45,1851,108,,167.6247205,,Rock
TEST 1000kJ CH 1991,205,45,1631,98,,121.6158696,,Rock
TEST 1000kJ CH 1991,205,45,1058,98,,78.89,,Rock
TEST 1000kJ CH 1991,205,45,1653,82,,86.29481366,,Rock
TEST 1000kJ CH 1991,205,45,1587,88,,95.41714286,,Rock
TEST 1000kJ CH 1991,205,45,1587,62,,47.36357143,,Rock
TEST 1000kJ CH 1991,205,45,1400,82,,73.08695652,,Rock
TEST 1000kJ CH 1991,205,45,705,88,,42.38757764,,Rock
TEST 1000kJ CH 1991,205,45,4320,82,,225.5254658,,Rock
TEST 1000kJ CH 1991,205,45,6173,98,,460.291087,,Rock
TEST 1000kJ CH 1991,205,45,6613,66,,223.6508385,,Rock
TEST 1000kJ CH 1991,205,45,6613,82,,345.2314596,,Rock
TEST DTWM CH 1992,113,45,330,56,,8.034782609,,Rock
TEST DTWM CH 1992,113,45,276,59,,7.459285714,,Rock
TEST DTWM CH 1992,113,45,617,59,,16.67528727,,Rock
TEST Chain Link CH 1991,113,45,132,49,,2.460652174,,Rock
TEST Chain Link CH 1991,113,45,132,41,,1.722763975,,Rock
TEST Chain Link CH 1991,113,45,330,55,,7.750388199,,Rock
TEST Chain Link CH 1991,113,45,286,49,,5.331413043,,Rock
TEST Chain Link CH 1991,113,45,617,56,,15.0226087,,Rock
TEST Chain Link CH 1991,113,45,573,41,,7.478361801,,Rock
TEST Chain Link CH 1991,113,45,1168,56,,28.43826087,,Rock
Test Brugg LE CT 1993,66,37,650,34,,5.833850932,,Colluvium
Test Brugg LE CT 1993,66,37,357,38,,4.002391304,,Colluvium
Test Brugg LE CT 1993,66,37,300,40,,3.726708075,,Colluvium
Test Brugg LE CT 1993,66,37,540,38,,6.054037267,,Colluvium
Test Brugg LE CT 1993,66,37,550,31,,4.103649068,,Colluvium
Test Brugg LE CT 1993,66,37,500,28,,3.043478261,,Colluvium
Test Brugg LE CT 1993,66,37,700,31,,5.222826087,,Colluvium
Test Brugg LE CT 1993,66,37,1500,36,,15.0931677,,Colluvium
Test Brugg LE CT 1993,66,37,1000,37,,10.62888199,,Colluvium
Test Brugg LE CT 1993,66,37,1500,38,,16.81677019,,Colluvium
Test Brugg LE CT 1993,66,37,1500,26,,7.872670807,,Colluvium
Test Brugg LE CT 1993,66,37,130,35,,1.236413043,,Colluvium
Test Brugg LE CT 1993,66,37,175,35,,1.664402174,,Colluvium
Test Brugg LE CT 1993,66,37,2300,43,,33.01785714,,Colluvium
Test Brugg LE CT 1993,66,37,2100,43,,30.14673913,,Colluvium
Test Brugg LE CT 1993,66,37,2000,46,,32.85714286,,Colluvium
Test Brugg LE CT 1993,66,37,3000,55,,70.45807453,,Colluvium
Test Brugg LE CT 1993,66,37,130,40,,1.614906832,,Colluvium
Test Brugg LE CT 1993,66,37,175,35,,1.664402174,,Colluvium
Test HiTech LE CT 1996,66,37,180,38,,2.018012422,,Colluvium
Test HiTech LE CT 1996,66,37,247,38,,2.769161491,,Colluvium
Test HiTech LE CT 1996,66,37,308,33,,2.604130435,,Colluvium
Test HiTech LE CT 1996,66,37,489,43,,7.01988354,,Colluvium
Test HiTech LE CT 1996,66,37,1036,43,,14.8723913,,Colluvium
Test HiTech LE CT 1996,66,37,1395,38,,15.63959627,,Colluvium
Test HiTech LE CT 1996,66,37,795,30,,5.555124224,,Colluvium
Test HiTech LE CT 1996,66,37,1090,30,,7.616459627,,Colluvium
Test HiTech LE CT 1996,66,37,3900,50,,75.69875776,,Colluvium
Test HiTech LE CT 1996,66,37,481,50,,9.336180124,,Colluvium
Test HiTech LE CT 1996,66,37,830,33,,7.017624224,,Colluvium
Test HiTech LE CT 1996,66,37,1100,50,,21.35093168,,Colluvium
Test HiTech LE CT 1996,66,37,2400,43,,34.45341615,,Colluvium
Test HiTech LE CT 1996,66,37,4500,43,,64.60015528,,Colluvium
Test HiTech ME CT 1996,66,37,192,26,,1.007701863,,Colluvium
Test HiTech ME CT 1996,66,37,230,33,,1.944642857,,Colluvium
Test HiTech ME CT 1996,66,37,270,18,,0.679192547,,Colluvium
Test HiTech ME CT 1996,66,37,170,12,,0.190062112,,Colluvium
Test HiTech ME CT 1996,66,37,440,30,,3.074534161,,Colluvium
Test HiTech ME CT 1996,66,37,700,32,,5.565217391,,Colluvium
Test HiTech ME CT 1996,66,37,860,33,,7.271273292,,Colluvium
Test HiTech ME CT 1996,66,37,2130,26,,11.17919255,,Colluvium
Test HiTech ME CT 1996,66,37,1030,30,,7.197204969,,Colluvium
Test HiTech ME CT 1996,66,37,1600,36,,16.09937888,,Colluvium
Test HiTech ME CT 1996,66,37,2480,36,,24.95403727,,Colluvium
Test HiTech ME CT 1996,66,37,2430,33,,20.54557453,,Colluvium
Test HiTech ME CT 1996,66,37,960,26,,5.038509317,,Colluvium
Test HiTech ME CT 1996,66,37,1550,35,,14.74184783,,Colluvium
Test HiTech ME CT 1996,66,37,1630,26,,8.554968944,,Colluvium
Test HiTech ME CT 1996,66,37,6800,32,,54.0621118,,Colluvium
Test HiTech ME CT 1996,66,37,7620,36,,76.67329193,,Colluvium
Test HiTech ME CT 1996,66,37,570,28,,3.469565217,,Colluvium
Test HiTech ME CT 1996,66,37,680,25,,3.299689441,,Colluvium
Test HiTech ME CT 1996,66,37,700,25,,3.39673913,,Colluvium
Test HiTech ME CT 1996,66,37,1900,36,,19.11801242,,Colluvium
Test HiTech ME CT 1996,66,37,1510,33,,12.76700311,,Colluvium
Test HiTech ME CT 1996,66,37,2080,22,,7.816149068,,Colluvium
Test HiTech ME CT 1996,66,37,1733,28,,10.54869565,,Colluvium
Test HiTech ME CT 1996,66,37,1386,30,,9.684782609,,Colluvium
Test HiTech ME CT 1996,66,37,3750,36,,37.73291925,,Colluvium
Test HiTech ME CT 1996,66,37,700,17,,1.570652174,,Colluvium
Test HiTech ME CT 1996,66,37,630,30,,4.402173913,,Colluvium
Test HiTech ME CT 1996,66,37,510,40,,6.335403727,,Colluvium
Test HiTech ME CT 1996,66,37,1500,28,,9.130434783,,Colluvium
Test HiTech ME CT 1996,66,37,1020,33,,8.624068323,,Colluvium
Test HiTech ME CT 1996,66,37,6800,38,,76.23602484,,Colluvium
Test Cuesta Grade 1998,66,37,68,32.8,62.8,0.567990062,0.344444444,Colluvium
Test Cuesta Grade 1998,66,37,80,36.7,62.8,0.83657764,0.222222222,Colluvium
Test Cuesta Grade 1998,66,37,150,42.3,62.8,2.083800466,0.681481481,Colluvium
Test Cuesta Grade 1998,66,37,159,49.2,62.8,2.988212422,0.611111111,Colluvium
Test Cuesta Grade 1998,66,37,219,42.3,70.7,3.04234868,1.544444444,Colluvium
Test Cuesta Grade 1998,66,37,222,49.2,62.8,4.172221118,1.177777778,Colluvium
Test Cuesta Grade 1998,66,37,185,36.7,58.9,1.934585792,0.662962963,Colluvium
Test Cuesta Grade 1998,66,37,405,49.2,94.2,7.611484472,7.562962963,Colluvium
Test Cuesta Grade 1998,66,37,437,36.7,94.2,4.569805357,8.825925926,Colluvium
Test Cuesta Grade 1998,66,37,740,36.7,80.7,7.738343168,17.15925926,Colluvium
Test Cuesta Grade 1998,66,37,795,32.8,37.7,6.64047205,3.092592593,Colluvium
Gawk Screen Tests,66,37,61,24.6,47.1,0.28660528,0.1,Colluvium
Gawk Screen Tests,66,37,114,36.7,58.9,1.192123137,0.303703704,Colluvium
Gawk Screen Tests,66,37,141,32.8,47.1,1.177744099,0.418518519,Colluvium
Gawk Screen Tests,66,37,220,36.7,47.1,2.300588509,0.692592593,Colluvium
Gawk Screen Tests,66,37,209,24.6,23.6,0.981975466,0.17037037,Colluvium
Gawk Screen Tests,66,37,460,42.3,47.1,6.390321429,2.414814815,Colluvium
Gawk Screen Tests,66,37,592,42.3,47.1,8.224065839,3.233333333,Colluvium
Gawk Screen Tests,66,37,708,42.3,35.3,9.835538199,2.866666667,Colluvium
Gawk Screen Tests,66,37,766,36.7,26.9,8.010230901,1.740740741,Colluvium
Gawk Screen Tests,66,37,1606,36.7,15.7,16.79429612,1.977777778,Colluvium
Gawk Screen Tests,66,37,1236,36.7,23.6,12.92512453,2.833333333,Colluvium
Gawk Screen Tests,66,37,2028,49.2,18.8,38.11380373,5.025925926,Colluvium
Gawk Screen Tests,66,37,2948,36.7,15.7,30.82788602,5.533333333,Colluvium
Gawk Screen Tests,66,37,1476,36.7,18.8,15.43485745,3.425925926,Colluvium
Gawk Screen Tests,66,37,1087,36.7,18.8,11.36699868,2.137037037,Colluvium
Jersey Barrier Test,66,37,68,32.8,,0.567990062,,Colluvium
Jersey Barrier Test,66,37,80,36.7,,0.83657764,,Colluvium
Jersey Barrier Test,66,37,150,42.3,,2.083800466,,Colluvium
Jersey Barrier Test,66,37,159,49.2,,2.988212422,,Colluvium
Jersey Barrier Test,66,37,219,42.3,,3.04234868,,Colluvium
Jersey Barrier Test,66,37,222,49.2,,4.172221118,,Colluvium
Jersey Barrier Test,66,37,185,36.7,,1.934585792,,Colluvium
Jersey Barrier Test,66,37,405,49.2,,7.611484472,,Colluvium
Jersey Barrier Test,66,37,437,36.7,,4.569805357,,Colluvium
Jersey Barrier Test,66,37,740,36.7,,7.738343168,,Colluvium
Jersey Barrier Test,66,37,795,32.8,,6.64047205,,Colluvium
Jersey Barrier Test,66,37,61,24.6,,0.28660528,,Colluvium
Jersey Barrier Test,66,37,114,36.7,,1.192123137,,Colluvium
Jersey Barrier Test,66,37,141,32.8,,1.177744099,,Colluvium
Jersey Barrier Test,66,37,220,36.7,,2.300588509,,Colluvium
Jersey Barrier Test,66,37,209,24.6,,0.981975466,,Colluvium
Jersey Barrier Test,66,37,460,42.3,,6.390321429,,Colluvium
Jersey Barrier Test,66,37,592,42.3,,8.224065839,,Colluvium
Jersey Barrier Test,66,37,708,42.3,,9.835538199,,Colluvium
Jersey Barrier Test,66,37,766,36.7,,8.010230901,,Colluvium
Jersey Barrier Test,66,37,1606,36.7,,16.79429612,,Colluvium
Jersey Barrier Test,66,37,1236,36.7,,12.92512453,,Colluvium
Jersey Barrier Test,66,37,2028,49.2,,38.11380373,,Colluvium
Jersey Barrier Test,66,37,2948,36.7,,30.82788602,,Colluvium
Jersey Barrier Test,66,37,1476,36.7,,15.43485745,,Colluvium
Jersey Barrier Test,66,37,1087,36.7,,11.36699868,,Colluvium
Rockfall Catchment Guide,80,63.43,10,31.58,,0.077429845,,Rock
Rockfall Catchment Guide,80,63.43,11,24.24,,0.050181317,,Rock
Rockfall Catchment Guide,80,63.43,15,25,,0.072787267,,Rock
Rockfall Catchment Guide,80,63.43,16,25.26,,0.079263056,,Rock
Rockfall Catchment Guide,80,63.43,17,30.38,,0.121817196,,Rock
Rockfall Catchment Guide,80,63.43,20,30.38,,0.143314348,,Rock
Rockfall Catchment Guide,80,63.43,22,27.59,,0.130020017,,Rock
Rockfall Catchment Guide,80,63.43,22,25.26,,0.108986702,,Rock
Rockfall Catchment Guide,80,63.43,24,27.27,,0.138568863,,Rock
Rockfall Catchment Guide,80,63.43,25,27.27,,0.144342566,,Rock
Rockfall Catchment Guide,80,63.43,25,25.81,,0.129300485,,Rock
Rockfall Catchment Guide,80,63.43,26,27.59,,0.15366002,,Rock
Rockfall Catchment Guide,80,63.43,32,25.26,,0.158526112,,Rock
Rockfall Catchment Guide,80,63.43,49,28.24,,0.303395826,,Rock
Rockfall Catchment Guide,80,63.43,56,31.17,,0.422421261,,Rock
Rockfall Catchment Guide,80,63.43,65,26.67,,0.358957908,,Rock
Rockfall Catchment Guide,80,63.43,67,30,,0.468167702,,Rock
Rockfall Catchment Guide,80,63.43,82,34.29,,0.748570933,,Rock
Rockfall Catchment Guide,80,63.43,100,30,,0.698757764,,Rock
Rockfall Catchment Guide,80,63.43,110,32.88,,0.923294907,,Rock
Rockfall Catchment Guide,80,63.43,350,28.57,,2.218056793,,Rock
Rockfall Catchment Guide,80,63.43,350,25.81,,1.810206793,,Rock
Rockfall Catchment Guide,80,63.43,450,28.92,,2.922087578,,Rock
Rockfall Catchment Guide,80,63.43,450,26.37,,2.429500039,,Rock
Rockfall Catchment Guide,80,63.43,500,30.38,,3.582858696,,Rock
Rockfall Catchment Guide,80,63.43,500,27.59,,2.955000388,,Rock
Rockfall Catchment Guide,80,63.43,575,30.77,,4.226754018,,Rock
Rockfall Catchment Guide,80,63.43,575,30.77,,4.226754018,,Rock
Rockfall Catchment Guide,80,63.43,725,32.43,,5.919922768,,Rock
Rockfall Catchment Guide,80,63.43,725,26.97,,4.094341246,,Rock
Rockfall Catchment Guide,80,63.43,725,25,,3.518051242,,Rock
Rockfall Catchment Guide,80,63.43,775,30.38,,5.553430978,,Rock
Rockfall Catchment Guide,80,63.43,800,25.53,,4.048328571,,Rock
Rockfall Catchment Guide,80,63.43,1000,31.17,,7.543236801,,Rock
Rockfall Catchment Guide,80,63.43,1000,28.24,,6.191751553,,Rock
Rockfall Catchment Guide,80,63.43,700,27.59,,4.137000543,,Rock
Rockfall Catchment Guide,80,63.43,750,30.77,,5.513157415,,Rock
Rockfall Catchment Guide,80,63.43,850,30.38,,6.090859783,,Rock
Rockfall Catchment Guide,80,63.43,900,30.77,,6.615788898,,Rock
Rockfall Catchment Guide,80,63.43,1050,26.67,,5.798550815,,Rock
Rockfall Catchment Guide,80,63.43,1050,27.91,,6.350283424,,Rock
Rockfall Catchment Guide,80,63.43,1050,27.27,,6.062387772,,Rock
Rockfall Catchment Guide,80,63.43,1200,32.43,,9.798492857,,Rock
Rockfall Catchment Guide,80,63.43,1350,30,,9.433229814,,Rock
Rockfall Catchment Guide,80,63.43,1350,26.37,,7.288500116,,Rock
Rockfall Catchment Guide,80,63.43,1550,29.27,,10.31006207,,Rock
Rockfall Catchment Guide,80,63.43,1550,33.33,,13.36861642,,Rock
Rockfall Catchment Guide,80,63.43,1550,22.43,,6.054445613,,Rock
Rockfall Catchment Guide,80,63.43,2300,30,,16.07142857,,Rock
Rockfall Catchment Guide,80,63.43,2300,28.57,,14.57580179,,Rock
Rockfall Catchment Guide,80,63.43,2850,26.37,,15.38683358,,Rock
Rockfall Catchment Guide,50,63.43,12,20.27,,0.038280084,,Rock
Rockfall Catchment Guide,50,63.43,14,21.43,,0.049917924,,Rock
Rockfall Catchment Guide,50,63.43,14,25.42,,0.070236565,,Rock
Rockfall Catchment Guide,50,63.43,15,25.86,,0.077881165,,Rock
Rockfall Catchment Guide,50,63.43,16,22.73,,0.064180484,,Rock
Rockfall Catchment Guide,50,63.43,16,22.73,,0.064180484,,Rock
Rockfall Catchment Guide,50,63.43,17,23.08,,0.070307988,,Rock
Rockfall Catchment Guide,50,63.43,18,28.3,,0.111925621,,Rock
Rockfall Catchment Guide,50,63.43,18,25,,0.08734472,,Rock
Rockfall Catchment Guide,50,63.43,19,24.59,,0.089197934,,Rock
Rockfall Catchment Guide,50,63.43,19,27.78,,0.113841922,,Rock
Rockfall Catchment Guide,50,63.43,20,21.43,,0.07131132,,Rock
Rockfall Catchment Guide,50,63.43,21,24.59,,0.09858719,,Rock
Rockfall Catchment Guide,50,63.43,22,26.79,,0.12258921,,Rock
Rockfall Catchment Guide,50,63.43,22,25,,0.106754658,,Rock
Rockfall Catchment Guide,50,63.43,23,28.3,,0.143016071,,Rock
Rockfall Catchment Guide,50,63.43,24,25.42,,0.12040554,,Rock
Rockfall Catchment Guide,50,63.43,25,24.19,,0.113578436,,Rock
Rockfall Catchment Guide,50,63.43,26,26.32,,0.139839304,,Rock
Rockfall Catchment Guide,50,63.43,27,26.79,,0.150450394,,Rock
Rockfall Catchment Guide,50,63.43,28,25.86,,0.145378174,,Rock
Rockfall Catchment Guide,50,63.43,28,25,,0.135869565,,Rock
Rockfall Catchment Guide,50,63.43,29,24.19,,0.131750985,,Rock
Rockfall Catchment Guide,50,63.43,29,22.39,,0.112873066,,Rock
Rockfall Catchment Guide,50,63.43,30,22.39,,0.116765241,,Rock
Rockfall Catchment Guide,50,63.43,33,26.79,,0.183883814,,Rock
Rockfall Catchment Guide,50,63.43,33,24.19,,0.149923535,,Rock
Rockfall Catchment Guide,50,63.43,34,20.27,,0.108460238,,Rock
Rockfall Catchment Guide,50,63.43,37,26.32,,0.199002087,,Rock
Rockfall Catchment Guide,50,63.43,40,23.08,,0.165430559,,Rock
Rockfall Catchment Guide,50,63.43,45,26.79,,0.250750656,,Rock
Rockfall Catchment Guide,50,63.43,45,22.73,,0.180507613,,Rock
Rockfall Catchment Guide,50,63.43,46,23.08,,0.190245143,,Rock
Rockfall Catchment Guide,50,63.43,48,27.78,,0.287600646,,Rock
Rockfall Catchment Guide,50,63.43,50,24.19,,0.227156871,,Rock
Rockfall Catchment Guide,50,63.43,50,23.08,,0.206788199,,Rock
Rockfall Catchment Guide,50,63.43,53,25,,0.257181677,,Rock
Rockfall Catchment Guide,50,63.43,53,22.73,,0.212597855,,Rock
Rockfall Catchment Guide,50,63.43,59,25,,0.286296584,,Rock
Rockfall Catchment Guide,50,63.43,66,25,,0.320263975,,Rock
Rockfall Catchment Guide,50,63.43,300,21.43,,1.069669798,,Rock
Rockfall Catchment Guide,50,63.43,350,23.44,,1.493026087,,Rock
Rockfall Catchment Guide,50,63.43,350,23.81,,1.54053288,,Rock
Rockfall Catchment Guide,50,63.43,350,24.19,,1.590098098,,Rock
Rockfall Catchment Guide,50,63.43,350,28.3,,2.176331522,,Rock
Rockfall Catchment Guide,50,63.43,350,23.81,,1.54053288,,Rock
Rockfall Catchment Guide,50,63.43,400,23.81,,1.760609006,,Rock
Rockfall Catchment Guide,50,63.43,400,25.86,,2.076831056,,Rock
Rockfall Catchment Guide,50,63.43,400,25.42,,2.006759006,,Rock
Rockfall Catchment Guide,50,63.43,400,21.13,,1.386574224,,Rock
Rockfall Catchment Guide,50,63.43,450,24.59,,2.112582648,,Rock
Rockfall Catchment Guide,50,63.43,450,23.44,,1.919604969,,Rock
Rockfall Catchment Guide,50,63.43,500,24.59,,2.347314053,,Rock
Rockfall Catchment Guide,50,63.43,500,21.13,,1.73321778,,Rock
Rockfall Catchment Guide,50,63.43,550,22.73,,2.206204154,,Rock
Rockfall Catchment Guide,50,63.43,550,25,,2.66886646,,Rock
Rockfall Catchment Guide,50,63.43,575,24.19,,2.612304018,,Rock
Rockfall Catchment Guide,50,63.43,600,21.74,,2.201681366,,Rock
Rockfall Catchment Guide,50,63.43,625,23.08,,2.584852484,,Rock
Rockfall Catchment Guide,50,63.43,625,24.59,,2.934142566,,Rock
Rockfall Catchment Guide,50,63.43,625,24.19,,2.839460889,,Rock
Rockfall Catchment Guide,50,63.43,675,23.44,,2.879407453,,Rock
Rockfall Catchment Guide,50,63.43,675,21.74,,2.476891537,,Rock
Rockfall Catchment Guide,50,63.43,725,20.55,,2.377090936,,Rock
Rockfall Catchment Guide,50,63.43,725,22.39,,2.82182665,,Rock
Rockfall Catchment Guide,50,63.43,775,22.39,,3.016435384,,Rock
Rockfall Catchment Guide,50,63.43,1000,24.19,,4.543137422,,Rock
Rockfall Catchment Guide,50,63.43,1025,22.73,,4.111562286,,Rock
Rockfall Catchment Guide,50,63.43,600,23.44,,2.559473292,,Rock
Rockfall Catchment Guide,50,63.43,700,21.13,,2.426504891,,Rock
Rockfall Catchment Guide,50,63.43,700,18.52,,1.864078261,,Rock
Rockfall Catchment Guide,50,63.43,750,17.44,,1.771080745,,Rock
Rockfall Catchment Guide,50,63.43,750,22.73,,3.00846021,,Rock
Rockfall Catchment Guide,50,63.43,800,21.43,,2.852452795,,Rock
Rockfall Catchment Guide,50,63.43,850,23.81,,3.741294138,,Rock
Rockfall Catchment Guide,50,63.43,900,22.06,,3.400459938,,Rock
Rockfall Catchment Guide,50,63.43,950,26.79,,5.293624961,,Rock
Rockfall Catchment Guide,50,63.43,950,21.74,,3.485995497,,Rock
Rockfall Catchment Guide,50,63.43,950,18.52,,2.529820497,,Rock
Rockfall Catchment Guide,50,63.43,1000,22.39,,3.892174689,,Rock
Rockfall Catchment Guide,50,63.43,1050,24.59,,4.929359511,,Rock
Rockfall Catchment Guide,50,63.43,1050,22.73,,4.211844293,,Rock
Rockfall Catchment Guide,50,63.43,1050,23.08,,4.342552174,,Rock
Rockfall Catchment Guide,50,63.43,1050,20.83,,3.537137772,,Rock
Rockfall Catchment Guide,50,63.43,1050,19.48,,3.093508696,,Rock
Rockfall Catchment Guide,50,63.43,1300,19.74,,3.932980435,,Rock
Rockfall Catchment Guide,50,63.43,1350,23.08,,5.583281366,,Rock
Rockfall Catchment Guide,50,63.43,1450,26.79,,8.079743362,,Rock
Rockfall Catchment Guide,50,63.43,1450,22.06,,5.478518789,,Rock
Rockfall Catchment Guide,50,63.43,1550,22.06,,5.856347671,,Rock
Rockfall Catchment Guide,50,63.43,1550,16.67,,3.344159899,,Rock
Rockfall Catchment Guide,50,63.43,2300,20.83,,7.748016071,,Rock
Rockfall Catchment Guide,50,63.43,2350,25,,11.40333851,,Rock
Rockfall Catchment Guide,50,63.43,2350,25.86,,12.20138245,,Rock
Rockfall Catchment Guide,50,63.43,2850,26.79,,15.88087488,,Rock
Rockfall Catchment Guide,50,63.43,2850,20,,8.850931677,,Rock
Rockfall Catchment Guide,20,63.43,12,16.22,,0.024511342,,Rock
Rockfall Catchment Guide,20,63.43,12,22.22,,0.04599954,,Rock
Rockfall Catchment Guide,20,63.43,20,19.35,,0.05814014,,Rock
Rockfall Catchment Guide,20,63.43,20,24,,0.089440994,,Rock
Rockfall Catchment Guide,20,63.43,22,22.22,,0.084332491,,Rock
Rockfall Catchment Guide,20,63.43,22,28.57,,0.139420713,,Rock
Rockfall Catchment Guide,20,63.43,22,30,,0.153726708,,Rock
Rockfall Catchment Guide,20,63.43,22,35.29,,0.212720887,,Rock
Rockfall Catchment Guide,20,63.43,24,31.58,,0.185831627,,Rock
Rockfall Catchment Guide,20,63.43,25,24,,0.111801242,,Rock
Rockfall Catchment Guide,20,63.43,26,22.22,,0.099665671,,Rock
Rockfall Catchment Guide,20,63.43,26,27.27,,0.150116269,,Rock
Rockfall Catchment Guide,20,63.43,30,31.58,,0.232289534,,Rock
Rockfall Catchment Guide,20,63.43,32,27.27,,0.184758484,,Rock
Rockfall Catchment Guide,20,63.43,36,21.43,,0.128360376,,Rock
Rockfall Catchment Guide,20,63.43,38,26.09,,0.200824129,,Rock
Rockfall Catchment Guide,20,63.43,38,28.57,,0.240817595,,Rock
Rockfall Catchment Guide,20,63.43,40,30,,0.279503106,,Rock
Rockfall Catchment Guide,20,63.43,44,33.33,,0.379496208,,Rock
Rockfall Catchment Guide,20,63.43,54,23.08,,0.223331255,,Rock
Rockfall Catchment Guide,20,63.43,60,26.09,,0.31709073,,Rock
Rockfall Catchment Guide,20,63.43,350,23.08,,1.447517391,,Rock
Rockfall Catchment Guide,20,63.43,350,24,,1.565217391,,Rock
Rockfall Catchment Guide,20,63.43,350,26.09,,1.849695924,,Rock
Rockfall Catchment Guide,20,63.43,350,28.57,,2.218056793,,Rock
Rockfall Catchment Guide,20,63.43,350,28.57,,2.218056793,,Rock
Rockfall Catchment Guide,20,63.43,350,28.57,,2.218056793,,Rock
Rockfall Catchment Guide,20,63.43,350,31.58,,2.710044565,,Rock
Rockfall Catchment Guide,20,63.43,400,24,,1.788819876,,Rock
Rockfall Catchment Guide,20,63.43,400,26.09,,2.113938199,,Rock
Rockfall Catchment Guide,20,63.43,450,25,,2.183618012,,Rock
Rockfall Catchment Guide,20,63.43,450,25,,2.183618012,,Rock
Rockfall Catchment Guide,20,63.43,450,26.09,,2.378180474,,Rock
Rockfall Catchment Guide,20,63.43,450,28.57,,2.851787306,,Rock
Rockfall Catchment Guide,20,63.43,500,25,,2.426242236,,Rock
Rockfall Catchment Guide,20,63.43,500,27.27,,2.88685132,,Rock
Rockfall Catchment Guide,20,63.43,550,22.22,,2.108312267,,Rock
Rockfall Catchment Guide,20,63.43,550,27.27,,3.175536452,,Rock
Rockfall Catchment Guide,20,63.43,550,30,,3.843167702,,Rock
Rockfall Catchment Guide,20,63.43,600,25,,2.911490683,,Rock
Rockfall Catchment Guide,20,63.43,600,28.57,,3.802383075,,Rock
Rockfall Catchment Guide,20,63.43,600,28.57,,3.802383075,,Rock
Rockfall Catchment Guide,20,63.43,600,31.58,,4.645790683,,Rock
Rockfall Catchment Guide,20,63.43,650,26.09,,3.435149573,,Rock
Rockfall Catchment Guide,20,63.43,650,27.27,,3.752906716,,Rock
Rockfall Catchment Guide,20,63.43,650,28.57,,4.119248331,,Rock
Rockfall Catchment Guide,20,63.43,700,27.27,,4.041591848,,Rock
Rockfall Catchment Guide,20,63.43,700,28.57,,4.436113587,,Rock
Rockfall Catchment Guide,20,63.43,800,26.09,,4.227876398,,Rock
Rockfall Catchment Guide,20,63.43,800,35.29,,7.735304969,,Rock
Rockfall Catchment Guide,20,63.43,700,28.57,,4.436113587,,Rock
Rockfall Catchment Guide,20,63.43,700,28.57,,4.436113587,,Rock
Rockfall Catchment Guide,20,63.43,800,25,,3.881987578,,Rock
Rockfall Catchment Guide,20,63.43,800,26.09,,4.227876398,,Rock
Rockfall Catchment Guide,20,63.43,950,28.57,,6.020439868,,Rock
Rockfall Catchment Guide,20,63.43,950,28.57,,6.020439868,,Rock
Rockfall Catchment Guide,20,63.43,1125,25,,5.459045031,,Rock
Rockfall Catchment Guide,20,63.43,1125,27.27,,6.49541547,,Rock
Rockfall Catchment Guide,20,63.43,1150,28.57,,7.287900893,,Rock
Rockfall Catchment Guide,20,63.43,1150,30,,8.035714286,,Rock
Rockfall Catchment Guide,20,63.43,1250,23.08,,5.169704969,,Rock
Rockfall Catchment Guide,20,63.43,1250,27.27,,7.2171283,,Rock
Rockfall Catchment Guide,20,63.43,1475,28.57,,9.347525058,,Rock
Rockfall Catchment Guide,20,63.43,1475,31.58,,11.4209021,,Rock
Rockfall Catchment Guide,20,63.43,1525,24,,6.819875776,,Rock
Rockfall Catchment Guide,20,63.43,1525,31.58,,11.80805132,,Rock
Rockfall Catchment Guide,20,63.43,1625,22.22,,6.229104425,,Rock
Rockfall Catchment Guide,20,63.43,1625,24,,7.267080745,,Rock
Rockfall Catchment Guide,20,63.43,1800,26.09,,9.512721894,,Rock
Rockfall Catchment Guide,20,63.43,1800,26.09,,9.512721894,,Rock
Rockfall Catchment Guide,20,63.43,2100,25,,10.19021739,,Rock
Rockfall Catchment Guide,20,63.43,2100,28.57,,13.30834076,,Rock
Rockfall Catchment Guide,20,63.43,2250,26.09,,11.89090237,,Rock
Rockfall Catchment Guide,20,63.43,2250,27.27,,12.99083094,,Rock
Rockfall Catchment Guide,20,63.43,2425,25,,11.76727484,,Rock
Rockfall Catchment Guide,20,63.43,2425,28.57,,15.36796493,,Rock
Rockfall Catchment Guide,20,63.43,3250,26.09,,17.17574786,,Rock
Rockfall Catchment Guide,20,63.43,3250,27.27,,18.76453358,,Rock
Rockfall Catchment Guide,20,53.13,14,17.65,,0.033861141,,Rock
Rockfall Catchment Guide,20,53.13,15,19.35,,0.043605105,,Rock
Rockfall Catchment Guide,20,53.13,15,11.76,,0.016106087,,Rock
Rockfall Catchment Guide,20,53.13,15,20.69,,0.049853583,,Rock
Rockfall Catchment Guide,20,53.13,20,16.67,,0.04315045,,Rock
Rockfall Catchment Guide,20,53.13,20,19.35,,0.05814014,,Rock
Rockfall Catchment Guide,20,53.13,22,14.63,,0.036559098,,Rock
Rockfall Catchment Guide,20,53.13,22,18.18,,0.056453981,,Rock
Rockfall Catchment Guide,20,53.13,24,17.65,,0.058047671,,Rock
Rockfall Catchment Guide,20,53.13,25,9.38,,0.017077717,,Rock
Rockfall Catchment Guide,20,53.13,26,18.75,,0.070967585,,Rock
Rockfall Catchment Guide,20,53.13,28,16.67,,0.06041063,,Rock
Rockfall Catchment Guide,20,53.13,30,17.14,,0.068426925,,Rock
Rockfall Catchment Guide,20,53.13,32,18.18,,0.082114882,,Rock
Rockfall Catchment Guide,20,53.13,32,17.14,,0.07298872,,Rock
Rockfall Catchment Guide,20,53.13,34,13.33,,0.046905455,,Rock
Rockfall Catchment Guide,20,53.13,40,17.14,,0.091235901,,Rock
Rockfall Catchment Guide,20,53.13,45,16.22,,0.091917531,,Rock
Rockfall Catchment Guide,20,53.13,47,19.35,,0.136629328,,Rock
Rockfall Catchment Guide,20,53.13,64,13.33,,0.088292621,,Rock
Rockfall Catchment Guide,20,53.13,350,16.22,,0.71491413,,Rock
Rockfall Catchment Guide,20,53.13,375,17.65,,0.906994856,,Rock
Rockfall Catchment Guide,20,53.13,375,20,,1.164596273,,Rock
Rockfall Catchment Guide,20,53.13,400,18.75,,1.091809006,,Rock
Rockfall Catchment Guide,20,53.13,450,16.22,,0.919175311,,Rock
Rockfall Catchment Guide,20,53.13,450,20,,1.397515528,,Rock
Rockfall Catchment Guide,20,53.13,500,14.63,,0.830888587,,Rock
Rockfall Catchment Guide,20,53.13,550,19.35,,1.598853843,,Rock
Rockfall Catchment Guide,20,53.13,600,19.35,,1.744204193,,Rock
Rockfall Catchment Guide,20,53.13,600,17.65,,1.45119177,,Rock
Rockfall Catchment Guide,20,53.13,650,18.75,,1.774189635,,Rock
Rockfall Catchment Guide,20,53.13,675,18.75,,1.842427698,,Rock
Rockfall Catchment Guide,20,53.13,700,20.69,,2.326500543,,Rock
Rockfall Catchment Guide,20,53.13,800,18.18,,2.05287205,,Rock
Rockfall Catchment Guide,20,53.13,700,16.67,,1.510265761,,Rock
Rockfall Catchment Guide,20,53.13,800,17.14,,1.824718012,,Rock
Rockfall Catchment Guide,20,53.13,950,27.27,,5.485017508,,Rock
Rockfall Catchment Guide,20,53.13,1150,21.43,,4.100400893,,Rock
Rockfall Catchment Guide,20,53.13,1225,17.14,,2.794099457,,Rock
Rockfall Catchment Guide,20,53.13,1250,23.08,,5.169704969,,Rock
Rockfall Catchment Guide,20,53.13,1475,24,,6.596273292,,Rock
Rockfall Catchment Guide,20,53.13,1525,18.18,,3.913287345,,Rock
Rockfall Catchment Guide,20,53.13,1625,18.18,,4.169896351,,Rock
Rockfall Catchment Guide,20,53.13,1800,22.22,,6.899931056,,Rock
Rockfall Catchment Guide,20,53.13,2100,14.63,,3.489732065,,Rock
Rockfall Catchment Guide,20,53.13,2250,20.69,,7.478037461,,Rock
Rockfall Catchment Guide,20,53.13,2425,18.18,,6.222768401,,Rock
Rockfall Catchment Guide,20,53.13,3250,24,,14.53416149,,Rock
Call Box Tests,163,45,109,20.7,,0.362619643,0.04,Rock
Call Box Tests,163,45,390,21.4,,1.386680124,0.42,Rock
Call Box Tests,163,45,210,13.04,,0.277241739,0.12,Rock
Call Box Tests,163,45,400,21.4,,1.422236025,1.12,Rock
Call Box Tests,163,45,200,25,,0.970496894,0.46,Rock
Call Box Tests,163,45,1350,26.14,,7.161913509,2.23,Rock
CDOT Flex-Post Rockfall Fence Tests,315,,608.013,31.7,34.8,4.743681549,2.07,Colluvium
CDOT Flex-Post Rockfall Fence Tests,315,,1499.122,42.9,25.8,21.42080062,5.65,Colluvium
CDOT Flex-Post Rockfall Fence Tests,315,,598.362,31.3,26,4.551314191,1.255,Colluvium
CDOT Flex-Post Rockfall Fence Tests,315,,749.561,28.2,30.8,4.627957218,2.22,Colluvium
CDOT Flex-Post Rockfall Fence Tests,315,,598.362,22.5,15.4,2.351869274,0.395,Colluvium
CDOT Flex-Post Rockfall Fence Tests,315,,1544.16,42.9,32.5,22.06434399,8.6,Colluvium
CDOT Flex-Post Rockfall Fence Tests,315,,1386.527,37.5,23.6,15.13822666,3.44,Colluvium
CDOT Flex-Post Rockfall Fence Tests,315,,1511.99,41.1,34.2,19.82972537,9.3,Colluvium
CDOT Flex-Post Rockfall Fence Tests,315,,3815.362,25.1,17.1,18.66239296,10.6,Colluvium
CDOT Flex-Post Rockfall Fence Tests,315,,949.015,42.9,28.1,13.56037808,3.07,Colluvium
CDOT Flex-Post Rockfall Fence Tests,315,,4700.037,47.6,18.5,82.67978131,18.1,Colluvium
CDOT Flex-Post Rockfall Fence Tests,315,,257.36,26.1,38.9,1.361150665,0.68,Colluvium
CDOT Flex-Post Rockfall Fence Tests,315,,6015.79,37.5,38.3,65.68093701,121.5,Colluvium
CDOT Flex-Post Rockfall Fence Tests,315,,598.362,33.3,31.4,5.151534458,0.915,Colluvium
CDOT Flex-Post Rockfall Fence Tests,315,,1392.961,13,8.8,1.827720567,0.4795,Colluvium
CDOT Flex-Post Rockfall Fence Tests,315,,1701.793,10.9,10.3,1.569798341,1.025,Colluvium
CDOT Flex-Post Rockfall Fence Tests,315,,797.816,35.4,33.4,7.76235325,3.34,Colluvium
CDOT Flex-Post Rockfall Fence Tests,315,,1511.99,50,31.4,29.34763199,7.85,Colluvium
CDOT Flex-Post Rockfall Fence Tests,315,,591.928,35.4,33.4,5.759165314,2.05,Colluvium
CDOT Flex-Post Rockfall Fence Tests,315,,1618.151,15.1,11.8,2.864554422,1.275,Colluvium
CDOT Flex-Post Rockfall Fence Tests,315,,1354.357,37.5,23.6,14.7869917,3.365,Colluvium
CDOT Flex-Post Rockfall Fence Tests,315,,797.816,43.8,33.4,11.88324633,3.34,Colluvium
CDOT Flex-Post Rockfall Fence Tests,315,,305.615,33.3,20.9,2.631160073,0.234,Colluvium
CDOT Flex-Post Rockfall Fence Tests,315,,1283.583,33.3,31.4,11.0508723,5.65,Colluvium
CDOT Flex-Post Rockfall Fence Tests,315,,598.362,17.3,29.8,1.390401886,1.645,Colluvium
CDOT Flex-Post Rockfall Fence Tests,315,,749.561,28.6,22.3,4.760177916,1.155,Colluvium
CDOT Flex-Post Rockfall Fence Tests,315,,3596.606,21.4,16.8,12.78805655,9.15,Colluvium
CDOT Chama Barriers Tests,315,,209.2,18.9,29.5,0.580188913,0.3626,Colluvium
CDOT Chama Barriers Tests,315,,374,23.3,69.7,1.576404193,5.4332,Colluvium
CDOT Chama Barriers Tests,315,,519.1,43.1,25.8,7.486687508,1.2945,Colluvium
CDOT Chama Barriers Tests,315,,558.8,23.7,23.2,2.436897298,1.1349,Colluvium
CDOT Chama Barriers Tests,315,,1368.5,36.8,29.5,14.3888,8.5631,Colluvium
CDOT Chama Barriers Tests,315,,935,26,18.2,4.907298137,1.78315,Colluvium
CDOT Chama Barriers Tests,315,,1214.2,20.8,19.2,4.078505342,2.9116,Colluvium
CDOT Chama Barriers Tests,315,,1598,29.1,22,10.50622966,6.37665,Colluvium
CDOT Chama Barriers Tests,315,,4594.9,23.1,15.7,19.03637103,17.6667,Colluvium
CDOT Chama Barriers Tests,315,,4704,22.9,15.7,19.15236522,18.5739,Colluvium
CDOT Chama Barriers Tests,315,,4666.5,13.3,11.9,6.408829076,10.5492,Colluvium
CDOT Chama Barriers Tests,315,,620,25,16.3,3.008540373,0.8419,Colluvium
CDOT Chama Barriers Tests,315,,1214.2,28.4,23.2,7.603456149,4.22595,Colluvium
CDOT Chama Barriers Tests,315,,1895.1,14.4,11.3,3.050993292,2.1247,Colluvium
CDOT Chama Barriers Tests,315,,1464.6,19.8,20.1,4.457933106,4.30435,Colluvium
CDOT Chama Barriers Tests,315,,4704,9.9,8.8,3.579495652,5.82475,Colluvium
CDOT Chama Barriers Tests,315,,4666.5,43.1,28.9,67.30230641,61.83405,Colluvium
CDOT Chama Barriers Tests,315,,4666.5,36.8,22,49.06491429,35.79705,Colluvium
CDOT Chama Barriers Tests,315,,5683.9,42,15.4,77.84471739,24.295,Colluvium
CDOT Chama Barriers Tests,315,,8847.9,25.4,10.7,44.31918606,24.57865,Colluvium
CDOT Chama Barriers Tests,315,,9326.5,42.9,17,133.2654027,59.87145,Colluvium
CDOT Chama Barriers Tests,315,,8611.2,11.6,5.7,8.996297143,6.6091,Colluvium
CDOT Chama Barriers Tests,315,,11712.2,50,,227.3330745,0,Colluvium
CDOT Chama Barriers Tests,315,,16158.5,8.3,5,8.642539325,15.0038,Colluvium
CDOT Chama Barriers Tests,315,,8847.9,30.6,18.8,64.32313388,76.5425,Colluvium
CDOT Chama Barriers Tests,315,,11712.2,37.8,7.5,129.9290361,20.77895,Colluvium
CDOT Chama Barriers Tests,315,,11712.2,33.3,16,100.8349492,93.8299,Colluvium
CDOT Chama Barriers Tests,315,,16158.5,42.9,15.1,230.8871505,135.03435,Colluvium
CDOT Chama Barriers Tests,315,,9461.1,16.7,6.3,20.48607282,9.48805,Colluvium
CDOT Chama Barriers Tests,315,,9326.5,50,19.2,181.0267857,76.39975,Colluvium
CDOT Chama Barriers Tests,315,,11712.2,50,3.7,227.3330745,192.24105,Colluvium
CDOT Fortress Buttress Tests,315,,441,30,,3.081521739,,Colluvium
CDOT Fortress Buttress Tests,315,,1369,29,,8.938889752,,Colluvium
CDOT Fortress Buttress Tests,315,,1511,50,,29.32841615,,Colluvium
CDOT Fortress Buttress Tests,315,,1492,30,,10.42546584,,Colluvium
CDOT Fortress Buttress Tests,315,,1701,18,,4.278913043,,Colluvium
CDOT Fortress Buttress Tests,315,,7614,45,,119.7076863,,Colluvium
CDOT Fortress Buttress Tests,315,,5843,56,,142.2643478,,Colluvium
CDOT Fortress Buttress Tests,315,,8422,28,,51.26434783,,Colluvium
CDOT Fortress Buttress Tests,315,,11713,64,,372.4879503,,Colluvium
CDOT Fortress Buttress Tests,315,,8848,12,,9.892173913,,Colluvium
CDOT Fortress Buttress Tests,315,,18354,60,,513,,Colluvium
Gaviota Site B,35,53.13,2400,21.46,,8.581334161,,Colluvium
Gaviota Site B,35,53.13,5400,18.8,,14.81813665,,Colluvium
Cuesta Grade Tests,66,66,537,27.3,,3.107303804,,Colluvium
Cuesta Grade Tests,66,66,616,20.9,,2.089091304,,Colluvium
Cuesta Grade Tests,66,66,695,26.6,,3.817967391,,Colluvium
Cuesta Grade Tests,66,66,597,29.8,,4.116148137,,Colluvium
Cuesta Grade Tests,66,66,390,26.6,,2.142456522,,Colluvium
Cuesta Grade Tests,66,66,934,24.6,,4.388349689,,Colluvium
Cuesta Grade Tests,66,66,597,24.6,,2.804972981,,Colluvium
Cuesta Grade Tests,66,66,1033,29.8,,7.122246273,,Colluvium
Cuesta Grade Tests,66,66,1114,24.6,,5.234070186,,Colluvium
Cuesta Grade Tests,66,66,1632,36.4,,16.78831304,,Colluvium
Cuesta Grade Tests,66,66,2723,42.8,,38.72748696,,Colluvium
Cuesta Grade Tests,66,66,537,15.6,,1.014629814,,Colluvium
Cuesta Grade Tests,66,66,934,32.8,,7.801510559,,Colluvium
Cuesta Grade Tests,66,66,855,24.6,,4.01717236,,Colluvium
Cuesta Grade Tests,66,66,597,32.8,,4.986618634,,Colluvium
Cuesta Grade Tests,66,66,695,29.8,,4.791830745,,Colluvium
Cuesta Grade Tests,66,66,1114,36.4,,11.45966957,,Colluvium
Cuesta Grade Tests,66,66,3640,34.9,,34.42202174,,Colluvium
Smart Rock Tests,60,37,170,36.94,32.66,1.8,0.14,Colluvium
Smart Rock Tests,66,37,170,36.94,32.66,1.8,0.14,Colluvium
Smart Rock Tests,60,37,274,35.65,29.38,2.7,0.41,Colluvium
Smart Rock Tests,66,37,274,30,25.62,1.91,0.31,Colluvium
Smart Rock Tests,60,37,170,38.04,34.23,1.91,0.15,Colluvium
Smart Rock Tests,66,37,170,39.46,33.42,2.06,0.15,Colluvium
Smart Rock Tests,60,37,274,43.93,29.16,4.11,0.41,Colluvium
Smart Rock Tests,66,37,274,41.25,29.16,3.62,0.41,Colluvium
